<?xml version="1.1" encoding="UTF-8" ?>
<extension version="1.1" type="plugin" group="vmpayment" method="install">
  <name>Duitku</name>
  <creationDate>Januari 20 2017</creationDate>
  <author>Kharisma Catur Mandala</author>
  <authorUrl>https://www.duitku.com</authorUrl>
  <authorEmail>admin@duitku.com</authorEmail>
  <copyright>Copyright (C) 2017 Kharisma Catur Mandala Inc. All rights reserved.</copyright>
  <license>The MIT License (MIT)</license>
  <version>1.1.0</version>
  <description><![CDATA[<a href="https://duitku.com" target="_blank">Duitku</a> Pilihan Payment Gateway Terbaik. ]]></description>
  <files>
    <filename plugin="duitku">duitku.php</filename> 
    <folder>duitku-php</folder>
    <folder>language</folder>
	<folder>duitku</folder>	
  </files>	
  <vmconfig>
        <fields name="params">
            <fieldset name="payment" addfieldpath="/administrator/components/com_virtuemart/fields">
                <field name="merchant_code" type="text" size="50" label="VMPAYMENT_DUITKU_MERCHANT_CODE"
                       description="VMPAYMENT_DUITKU_MERCHANT_CODE_DESC"/>
                <field name="secret_key" type="text" size="50" label="VMPAYMENT_DUITKU_SECRET_KEY"
                       description="VMPAYMENT_DUITKU_SECRET_KEY_DESC"/>
			    <field name="duitkuproduct" type="list" default="cc" label="VMPAYMENT_DUITKU_PRODUCTS"
                       description="VMPAYMENT_DUITKU_PRODUCTS_DESC">
                    <option value="cc">VMPAYMENT_DUITKU_PRODUCTS_CC</option>
                    <option value="bca">VMPAYMENT_DUITKU_PRODUCTS_BCA</option>
                    <option value="mandiri">VMPAYMENT_DUITKU_PRODUCTS_MANDIRI</option>
                    <option value="cimb">VMPAYMENT_DUITKU_PRODUCTS_CIMB</option>
					<option value="permata">VMPAYMENT_DUITKU_PRODUCTS_VA_PERMATA</option>
					<option value="vaatmbersama">VMPAYMENT_DUITKU_PRODUCTS_VA_ATMBERSAMA</option>
					<option value="vabni">VMPAYMENT_DUITKU_PRODUCTS_VA_BNI</option>
					<option value="vacimb">VMPAYMENT_DUITKU_PRODUCTS_VA_CIMB</option>
					<option value="vamaybank">VMPAYMENT_DUITKU_PRODUCTS_VA_MAYBANK</option>
					<option value="varitel">VMPAYMENT_DUITKU_PRODUCTS_VA_RITEL</option>
                </field>
                <field name="url_endpoint" type="text" size="50" label="VMPAYMENT_DUITKU_ENDPOINT"
                       description="VMPAYMENT_DUITKU_ENDPOINT_DESC" default="https://passport.duitku.com/webapi"/>                
			    <field name="status_success" type="vmorderstate" scope="com_virtuemart" default="C"
                       label="VMPAYMENT_DUITKU_STATUS_SUCCESS" description="VMPAYMENT_DUITKU_STATUS_SUCCESS_DESC"/>
			    <field name="status_canceled" type="vmorderstate" scope="com_virtuemart" default="X"
                       label="VMPAYMENT_DUITKU_STATUS_CANCEL" description="VMPAYMENT_DUITKU_STATUS_CANCEL_DESC"/>					   
                <field name="payment_logos" type="vmfiles" multiple="true" scope="com_virtuemart" label="VMPAYMENT_DUITKU_LOGOS"
                       description="VMPAYMENT_DUITKU_LOGOS_DESC" directory="/images/stories/virtuemart/payment"
                       default="default" hide_default="1" hide_none="1" stripext="0" exclude="^_"/>                
            </fieldset>
        </fields>
    </vmconfig>
</extension>